customer_id,product_name,purchase_count,rating_implicit
C100000,Charger,1,1
C100001,Backpack,1,1
C100002,Power Bank,1,1
C100003,Charger,1,1
C100004,Headphones,1,1
C100005,Tablet,1,1
C100006,Headphones,1,1
C100007,Smartphone,1,1
C100008,Power Bank,1,1
C100009,Smartphone,1,1
C100010,Headphones,1,1
C100011,Watch,1,1
C100012,Mouse,1,1
C100013,Charger,1,1
C100014,Tablet,1,1
C100015,Charger,1,1
C100016,T-shirt,1,1
C100017,Jeans,1,1
C100018,Laptop,1,1
C100019,Backpack,1,1
C100020,Power Bank,1,1
C100021,Keyboard,1,1
C100022,Charger,1,1
C100023,Monitor,1,1
C100024,Mouse,1,1
C100025,Camera,1,1
C100026,Mouse,1,1
C100027,Charger,1,1
C100028,Jeans,1,1
C100029,Jeans,1,1
C100030,Monitor,1,1
C100031,Smartphone,1,1
C100032,Power Bank,1,1
C100033,Camera,1,1
C100034,Monitor,1,1
C100035,Mouse,1,1
C100036,Power Bank,1,1
C100037,Backpack,1,1
C100038,Mouse,1,1
C100039,Backpack,1,1
C100040,Camera,1,1
C100041,Mouse,1,1
C100042,T-shirt,1,1
C100043,Keyboard,1,1
C100044,Tablet,1,1
C100045,Tablet,1,1
C100046,Headphones,1,1
C100047,Camera,1,1
C100048,Watch,1,1
C100049,Mouse,1,1
C100050,Watch,1,1
C100051,Monitor,1,1
C100052,Monitor,1,1
C100053,Shoes,1,1
C100054,Shoes,1,1
C100055,Backpack,1,1
C100056,Tablet,1,1
C100057,Headphones,1,1
C100058,T-shirt,1,1
C100059,Watch,1,1
C100060,Shoes,1,1
C100061,Headphones,1,1
C100062,Watch,1,1
C100063,Jeans,1,1
C100064,Watch,1,1
C100065,Laptop,1,1
C100066,Headphones,1,1
C100067,Monitor,1,1
C100068,Backpack,1,1
C100069,Jeans,1,1
C100070,T-shirt,1,1
C100071,Laptop,1,1
C100072,Charger,1,1
C100073,Watch,1,1
C100074,Smartphone,1,1
C100075,Shoes,1,1
C100076,Laptop,1,1
C100077,Camera,1,1
C100078,Camera,1,1
C100079,T-shirt,1,1
C100080,Headphones,1,1
C100081,T-shirt,1,1
C100082,Watch,1,1
C100083,Keyboard,1,1
C100084,Watch,1,1
C100085,Smartphone,1,1
C100086,Mouse,1,1
C100087,T-shirt,1,1
C100088,Headphones,1,1
C100089,Laptop,1,1
C100090,Jeans,1,1
C100091,Laptop,1,1
C100092,Backpack,1,1
C100093,Power Bank,1,1
C100094,Watch,1,1
C100095,Headphones,1,1
C100096,Headphones,1,1
C100097,Backpack,1,1
C100098,Mouse,1,1
C100099,Tablet,1,1
C100100,Shoes,1,1
C100101,Charger,1,1
C100102,Keyboard,1,1
C100103,Watch,1,1
C100104,Charger,1,1
C100105,Shoes,1,1
C100106,Jeans,1,1
C100107,Keyboard,1,1
C100108,Laptop,1,1
C100109,Headphones,1,1
C100110,Jeans,1,1
C100111,Jeans,1,1
C100112,Headphones,1,1
C100113,Keyboard,1,1
C100114,Keyboard,1,1
C100115,Backpack,1,1
C100116,Shoes,1,1
C100117,Mouse,1,1
C100118,Charger,1,1
C100119,T-shirt,1,1
C100120,Charger,1,1
C100121,Monitor,1,1
C100122,Tablet,1,1
C100123,T-shirt,1,1
C100124,Charger,1,1
C100125,Power Bank,1,1
C100126,Mouse,1,1
C100127,Camera,1,1
C100128,Shoes,1,1
C100129,Monitor,1,1
C100130,Camera,1,1
C100131,Shoes,1,1
C100132,Tablet,1,1
C100133,Tablet,1,1
C100134,T-shirt,1,1
C100135,Camera,1,1
C100136,Charger,1,1
C100137,Laptop,1,1
C100138,T-shirt,1,1
C100139,Tablet,1,1
C100140,Camera,1,1
C100141,Monitor,1,1
C100142,Camera,1,1
C100143,Laptop,1,1
C100144,Shoes,1,1
C100145,Monitor,1,1
C100146,Watch,1,1
C100147,Monitor,1,1
C100148,Mouse,1,1
C100149,Monitor,1,1
C100150,Smartphone,1,1
C100151,Monitor,1,1
C100152,Laptop,1,1
C100153,Camera,1,1
C100154,Tablet,1,1
C100155,Camera,1,1
C100156,Shoes,1,1
C100157,Camera,1,1
C100158,Jeans,1,1
C100159,Tablet,1,1
C100160,Headphones,1,1
C100161,Smartphone,1,1
C100162,Headphones,1,1
C100163,Tablet,1,1
C100164,Headphones,1,1
C100165,T-shirt,1,1
C100166,Monitor,1,1
C100167,Smartphone,1,1
C100168,Headphones,1,1
C100169,Keyboard,1,1
C100170,Laptop,1,1
C100171,Mouse,1,1
C100172,Mouse,1,1
C100173,Smartphone,1,1
C100174,Monitor,1,1
C100175,Camera,1,1
C100176,Keyboard,1,1
C100177,Mouse,1,1
C100178,Laptop,1,1
C100179,Smartphone,1,1
C100180,Monitor,1,1
C100181,Headphones,1,1
C100182,Power Bank,1,1
C100183,Jeans,1,1
C100184,Jeans,1,1
C100185,Tablet,1,1
C100186,Mouse,1,1
C100187,Mouse,1,1
C100188,T-shirt,1,1
C100189,Tablet,1,1
C100190,Jeans,1,1
C100191,Headphones,1,1
C100192,Headphones,1,1
C100193,Shoes,1,1
C100194,Mouse,1,1
C100195,Charger,1,1
C100196,Headphones,1,1
C100197,Jeans,1,1
C100198,Watch,1,1
C100199,Mouse,1,1
C100200,Laptop,1,1
C100201,T-shirt,1,1
C100202,Watch,1,1
C100203,Camera,1,1
C100204,Tablet,1,1
C100205,Camera,1,1
C100206,Jeans,1,1
C100207,Camera,1,1
C100208,Monitor,1,1
C100209,Tablet,1,1
C100210,Mouse,1,1
C100211,Shoes,1,1
C100212,Camera,1,1
C100213,Jeans,1,1
C100214,Power Bank,1,1
C100215,Smartphone,1,1
C100216,Monitor,1,1
C100217,Camera,1,1
C100218,Charger,1,1
C100219,Watch,1,1
C100220,Smartphone,1,1
C100221,T-shirt,1,1
C100222,Power Bank,1,1
C100223,Smartphone,1,1
C100224,Mouse,1,1
C100225,Charger,1,1
C100226,Shoes,1,1
C100227,Headphones,1,1
C100228,Watch,1,1
C100229,Shoes,1,1
C100230,Camera,1,1
C100231,Tablet,1,1
C100232,Shoes,1,1
C100233,Laptop,1,1
C100234,Keyboard,1,1
C100235,T-shirt,1,1
C100236,T-shirt,1,1
C100237,Laptop,1,1
C100238,Laptop,1,1
C100239,Tablet,1,1
C100240,Shoes,1,1
C100241,Mouse,1,1
C100242,Laptop,1,1
C100243,Jeans,1,1
C100244,Camera,1,1
C100245,Power Bank,1,1
C100246,Power Bank,1,1
C100247,Shoes,1,1
C100248,Headphones,1,1
C100249,Keyboard,1,1
C100250,T-shirt,1,1
C100251,Headphones,1,1
C100252,Camera,1,1
C100253,Monitor,1,1
C100254,Tablet,1,1
C100255,Laptop,1,1
C100256,Jeans,1,1
C100257,Tablet,1,1
C100258,Power Bank,1,1
C100259,Backpack,1,1
C100260,Laptop,1,1
C100261,Tablet,1,1
C100262,Tablet,1,1
C100263,Laptop,1,1
C100264,Monitor,1,1
C100265,Laptop,1,1
C100266,Shoes,1,1
C100267,Camera,1,1
C100268,Camera,1,1
C100269,Backpack,1,1
C100270,Tablet,1,1
C100271,Backpack,1,1
C100272,Keyboard,1,1
C100273,Jeans,1,1
C100274,Tablet,1,1
C100275,Jeans,1,1
C100276,Charger,1,1
C100277,T-shirt,1,1
C100278,Mouse,1,1
C100279,Tablet,1,1
C100280,Tablet,1,1
C100281,Watch,1,1
C100282,Charger,1,1
C100283,Mouse,1,1
C100284,Mouse,1,1
C100285,Backpack,1,1
C100286,Tablet,1,1
C100287,Power Bank,1,1
C100288,Monitor,1,1
C100289,T-shirt,1,1
C100290,Mouse,1,1
C100291,Power Bank,1,1
C100292,Laptop,1,1
C100293,Headphones,1,1
C100294,Monitor,1,1
C100295,Monitor,1,1
C100296,Headphones,1,1
C100297,Backpack,1,1
C100298,Smartphone,1,1
C100299,Jeans,1,1
C100300,T-shirt,1,1
C100301,Tablet,1,1
C100302,Power Bank,1,1
C100303,T-shirt,1,1
C100304,Watch,1,1
C100305,Jeans,1,1
C100306,Smartphone,1,1
C100307,Watch,1,1
C100308,Power Bank,1,1
C100309,T-shirt,1,1
C100310,Backpack,1,1
C100311,Smartphone,1,1
C100312,Backpack,1,1
C100313,Camera,1,1
C100314,Charger,1,1
C100315,Backpack,1,1
C100316,Charger,1,1
C100317,Tablet,1,1
C100318,Camera,1,1
C100319,Monitor,1,1
C100320,Watch,1,1
C100321,Camera,1,1
C100322,Smartphone,1,1
C100323,Mouse,1,1
C100324,Mouse,1,1
C100325,Monitor,1,1
C100326,Keyboard,1,1
C100327,Power Bank,1,1
C100328,Watch,1,1
C100329,Mouse,1,1
C100330,Power Bank,1,1
C100331,Backpack,1,1
C100332,Monitor,1,1
C100333,Jeans,1,1
C100334,Smartphone,1,1
C100335,Headphones,1,1
C100336,Tablet,1,1
C100337,Watch,1,1
C100338,T-shirt,1,1
C100339,Charger,1,1
C100340,Tablet,1,1
C100341,Monitor,1,1
C100342,Charger,1,1
C100343,Watch,1,1
C100344,Headphones,1,1
C100345,Shoes,1,1
C100346,Monitor,1,1
C100347,Watch,1,1
C100348,Charger,1,1
C100349,Charger,1,1
C100350,Monitor,1,1
C100351,Backpack,1,1
C100352,Monitor,1,1
C100353,Monitor,1,1
C100354,Camera,1,1
C100355,Monitor,1,1
C100356,T-shirt,1,1
C100357,Smartphone,1,1
C100358,Mouse,1,1
C100359,Tablet,1,1
C100360,Tablet,1,1
C100361,Headphones,1,1
C100362,Backpack,1,1
C100363,Watch,1,1
C100364,Watch,1,1
C100365,Power Bank,1,1
C100366,Keyboard,1,1
C100367,Smartphone,1,1
C100368,T-shirt,1,1
C100369,Camera,1,1
C100370,Mouse,1,1
C100371,Tablet,1,1
C100372,Mouse,1,1
C100373,Jeans,1,1
C100374,Watch,1,1
C100375,Shoes,1,1
C100376,Watch,1,1
C100377,T-shirt,1,1
C100378,Tablet,1,1
C100379,Shoes,1,1
C100380,T-shirt,1,1
C100381,Monitor,1,1
C100382,Charger,1,1
C100383,Jeans,1,1
C100384,Watch,1,1
C100385,Charger,1,1
C100386,Monitor,1,1
C100387,T-shirt,1,1
C100388,Camera,1,1
C100389,Camera,1,1
C100390,Jeans,1,1
C100391,Jeans,1,1
C100392,Shoes,1,1
C100393,Monitor,1,1
C100394,Laptop,1,1
C100395,Headphones,1,1
C100396,Camera,1,1
C100397,Smartphone,1,1
C100398,Charger,1,1
C100399,Headphones,1,1
C100400,Monitor,1,1
C100401,Backpack,1,1
C100402,Backpack,1,1
C100403,Headphones,1,1
C100404,Shoes,1,1
C100405,Monitor,1,1
C100406,Monitor,1,1
C100407,Smartphone,1,1
C100408,Laptop,1,1
C100409,Jeans,1,1
C100410,Smartphone,1,1
C100411,Backpack,1,1
C100412,Shoes,1,1
C100413,Jeans,1,1
C100414,Shoes,1,1
C100415,Laptop,1,1
C100416,Shoes,1,1
C100417,Monitor,1,1
C100418,Power Bank,1,1
C100419,Charger,1,1
C100420,Keyboard,1,1
C100421,Shoes,1,1
C100422,Laptop,1,1
C100423,Tablet,1,1
C100424,Smartphone,1,1
C100425,Shoes,1,1
C100426,Smartphone,1,1
C100427,Watch,1,1
C100428,Jeans,1,1
C100429,Shoes,1,1
C100430,Shoes,1,1
C100431,Backpack,1,1
C100432,Watch,1,1
C100433,Jeans,1,1
C100434,Smartphone,1,1
C100435,Keyboard,1,1
C100436,Power Bank,1,1
C100437,Headphones,1,1
C100438,T-shirt,1,1
C100439,Tablet,1,1
C100440,Headphones,1,1
C100441,Camera,1,1
C100442,Backpack,1,1
C100443,Shoes,1,1
C100444,Watch,1,1
C100445,Monitor,1,1
C100446,Monitor,1,1
C100447,Laptop,1,1
C100448,Keyboard,1,1
C100449,Headphones,1,1
C100450,Monitor,1,1
C100451,Backpack,1,1
C100452,Backpack,1,1
C100453,Keyboard,1,1
C100454,Watch,1,1
C100455,Laptop,1,1
C100456,Jeans,1,1
C100457,Shoes,1,1
C100458,Power Bank,1,1
C100459,Power Bank,1,1
C100460,Smartphone,1,1
C100461,Shoes,1,1
C100462,Backpack,1,1
C100463,Monitor,1,1
C100464,Mouse,1,1
C100465,Backpack,1,1
C100466,Keyboard,1,1
C100467,Mouse,1,1
C100468,Monitor,1,1
C100469,Shoes,1,1
C100470,Watch,1,1
C100471,Camera,1,1
C100472,Monitor,1,1
C100473,Keyboard,1,1
C100474,Tablet,1,1
C100475,Mouse,1,1
C100476,Camera,1,1
C100477,Headphones,1,1
C100478,Watch,1,1
C100479,T-shirt,1,1
C100480,T-shirt,1,1
C100481,Camera,1,1
C100482,Headphones,1,1
C100483,Charger,1,1
C100484,Jeans,1,1
C100485,Watch,1,1
C100486,Headphones,1,1
C100487,Charger,1,1
C100488,Watch,1,1
C100489,Jeans,1,1
C100490,Keyboard,1,1
C100491,Camera,1,1
C100492,Shoes,1,1
C100493,T-shirt,1,1
C100494,Shoes,1,1
C100495,Watch,1,1
C100496,Headphones,1,1
C100497,Smartphone,1,1
C100498,Charger,1,1
C100499,Monitor,1,1
C100500,Laptop,1,1
C100501,Monitor,1,1
C100502,Keyboard,1,1
C100503,Charger,1,1
C100504,Keyboard,1,1
C100505,Keyboard,1,1
C100506,Tablet,1,1
C100507,Charger,1,1
C100508,Laptop,1,1
C100509,Monitor,1,1
C100510,Charger,1,1
C100511,Watch,1,1
C100512,Mouse,1,1
C100513,Smartphone,1,1
C100514,Headphones,1,1
C100515,Jeans,1,1
C100516,Monitor,1,1
C100517,Keyboard,1,1
C100518,Watch,1,1
C100519,Shoes,1,1
C100520,Watch,1,1
C100521,Mouse,1,1
C100522,Watch,1,1
C100523,Power Bank,1,1
C100524,Laptop,1,1
C100525,Headphones,1,1
C100526,Charger,1,1
C100527,Charger,1,1
C100528,Monitor,1,1
C100529,Watch,1,1
C100530,Shoes,1,1
C100531,Smartphone,1,1
C100532,Jeans,1,1
C100533,Headphones,1,1
C100534,Power Bank,1,1
C100535,Laptop,1,1
C100536,T-shirt,1,1
C100537,Watch,1,1
C100538,Watch,1,1
C100539,T-shirt,1,1
C100540,Mouse,1,1
C100541,Headphones,1,1
C100542,Shoes,1,1
C100543,Monitor,1,1
C100544,Jeans,1,1
C100545,Watch,1,1
C100546,Charger,1,1
C100547,Tablet,1,1
C100548,Charger,1,1
C100549,Charger,1,1
C100550,Headphones,1,1
C100551,Laptop,1,1
C100552,Keyboard,1,1
C100553,Tablet,1,1
C100554,Shoes,1,1
C100555,Laptop,1,1
C100556,Backpack,1,1
C100557,Backpack,1,1
C100558,Charger,1,1
C100559,Monitor,1,1
C100560,Jeans,1,1
C100561,Tablet,1,1
C100562,Headphones,1,1
C100563,Jeans,1,1
C100564,Backpack,1,1
C100565,Mouse,1,1
C100566,Watch,1,1
C100567,Watch,1,1
C100568,Smartphone,1,1
C100569,Backpack,1,1
C100570,Shoes,1,1
C100571,Camera,1,1
C100572,Keyboard,1,1
C100573,Monitor,1,1
C100574,Backpack,1,1
C100575,Mouse,1,1
C100576,Tablet,1,1
C100577,T-shirt,1,1
C100578,Monitor,1,1
C100579,Mouse,1,1
C100580,Charger,1,1
C100581,Shoes,1,1
C100582,Laptop,1,1
C100583,Smartphone,1,1
C100584,Laptop,1,1
C100585,Monitor,1,1
C100586,Power Bank,1,1
C100587,Keyboard,1,1
C100588,Laptop,1,1
C100589,Mouse,1,1
C100590,Watch,1,1
C100591,Smartphone,1,1
C100592,Shoes,1,1
C100593,Watch,1,1
C100594,Shoes,1,1
C100595,Shoes,1,1
C100596,Tablet,1,1
C100597,Monitor,1,1
C100598,Laptop,1,1
C100599,Mouse,1,1
C100600,Monitor,1,1
C100601,Power Bank,1,1
C100602,Monitor,1,1
C100603,Mouse,1,1
C100604,Smartphone,1,1
C100605,Headphones,1,1
C100606,Power Bank,1,1
C100607,Jeans,1,1
C100608,Jeans,1,1
C100609,Charger,1,1
C100610,Smartphone,1,1
C100611,Charger,1,1
C100612,Power Bank,1,1
C100613,Smartphone,1,1
C100614,Backpack,1,1
C100615,Camera,1,1
C100616,Smartphone,1,1
C100617,Headphones,1,1
C100618,Power Bank,1,1
C100619,Tablet,1,1
C100620,Keyboard,1,1
C100621,Tablet,1,1
C100622,Watch,1,1
C100623,Headphones,1,1
C100624,Keyboard,1,1
C100625,Shoes,1,1
C100626,Mouse,1,1
C100627,T-shirt,1,1
C100628,Headphones,1,1
C100629,Shoes,1,1
C100630,Laptop,1,1
C100631,Smartphone,1,1
C100632,Watch,1,1
C100633,Backpack,1,1
C100634,T-shirt,1,1
C100635,Laptop,1,1
C100636,Watch,1,1
C100637,Smartphone,1,1
C100638,Camera,1,1
C100639,Shoes,1,1
C100640,T-shirt,1,1
C100641,Power Bank,1,1
C100642,Charger,1,1
C100643,Camera,1,1
C100644,Mouse,1,1
C100645,Monitor,1,1
C100646,Charger,1,1
C100647,Monitor,1,1
C100648,Jeans,1,1
C100649,Keyboard,1,1
C100650,Tablet,1,1
C100651,Jeans,1,1
C100652,Jeans,1,1
C100653,Backpack,1,1
C100654,Smartphone,1,1
C100655,T-shirt,1,1
C100656,Smartphone,1,1
C100657,Watch,1,1
C100658,Headphones,1,1
C100659,Power Bank,1,1
C100660,Power Bank,1,1
C100661,Laptop,1,1
C100662,T-shirt,1,1
C100663,Power Bank,1,1
C100664,Jeans,1,1
C100665,Charger,1,1
C100666,Charger,1,1
C100667,Camera,1,1
C100668,Laptop,1,1
C100669,Laptop,1,1
C100670,Power Bank,1,1
C100671,T-shirt,1,1
C100672,Backpack,1,1
C100673,Headphones,1,1
C100674,Shoes,1,1
C100675,Monitor,1,1
C100676,Charger,1,1
C100677,T-shirt,1,1
C100678,Camera,1,1
C100679,Camera,1,1
C100680,Charger,1,1
C100681,Smartphone,1,1
C100682,Tablet,1,1
C100683,Camera,1,1
C100684,Tablet,1,1
C100685,Mouse,1,1
C100686,Headphones,1,1
C100687,Laptop,1,1
C100688,Shoes,1,1
C100689,T-shirt,1,1
C100690,Tablet,1,1
C100691,T-shirt,1,1
C100692,Watch,1,1
C100693,Camera,1,1
C100694,Smartphone,1,1
C100695,Power Bank,1,1
C100696,Charger,1,1
C100697,Backpack,1,1
C100698,Tablet,1,1
C100699,Camera,1,1
C100700,Jeans,1,1
C100701,Shoes,1,1
C100702,Mouse,1,1
C100703,Jeans,1,1
C100704,Headphones,1,1
C100705,Watch,1,1
C100706,Watch,1,1
C100707,Smartphone,1,1
C100708,Jeans,1,1
C100709,Tablet,1,1
C100710,Backpack,1,1
C100711,Tablet,1,1
C100712,Monitor,1,1
C100713,Power Bank,1,1
C100714,Charger,1,1
C100715,Jeans,1,1
C100716,Headphones,1,1
C100717,Backpack,1,1
C100718,Watch,1,1
C100719,Backpack,1,1
C100720,Camera,1,1
C100721,Power Bank,1,1
C100722,Watch,1,1
C100723,Jeans,1,1
C100724,Shoes,1,1
C100725,Shoes,1,1
C100726,Headphones,1,1
C100727,Headphones,1,1
C100728,Headphones,1,1
C100729,Power Bank,1,1
C100730,Laptop,1,1
C100731,Charger,1,1
C100732,Keyboard,1,1
C100733,Laptop,1,1
C100734,Headphones,1,1
C100735,Watch,1,1
C100736,Camera,1,1
C100737,Mouse,1,1
C100738,Smartphone,1,1
C100739,Jeans,1,1
C100740,T-shirt,1,1
C100741,Backpack,1,1
C100742,Monitor,1,1
C100743,Shoes,1,1
C100744,Jeans,1,1
C100745,Shoes,1,1
C100746,Watch,1,1
C100747,Backpack,1,1
C100748,Backpack,1,1
C100749,Power Bank,1,1
C100750,Mouse,1,1
C100751,Power Bank,1,1
C100752,Smartphone,1,1
C100753,Charger,1,1
C100754,Mouse,1,1
C100755,Jeans,1,1
C100756,Camera,1,1
C100757,Jeans,1,1
C100758,Headphones,1,1
C100759,Backpack,1,1
C100760,Laptop,1,1
C100761,Charger,1,1
C100762,Mouse,1,1
C100763,Camera,1,1
C100764,Camera,1,1
C100765,T-shirt,1,1
C100766,Headphones,1,1
C100767,Tablet,1,1
C100768,Smartphone,1,1
C100769,Headphones,1,1
C100770,Tablet,1,1
C100771,Camera,1,1
C100772,Backpack,1,1
C100773,Power Bank,1,1
C100774,Jeans,1,1
C100775,Watch,1,1
C100776,Mouse,1,1
C100777,Monitor,1,1
C100778,Smartphone,1,1
C100779,Power Bank,1,1
C100780,Monitor,1,1
C100781,Camera,1,1
C100782,Laptop,1,1
C100783,Mouse,1,1
C100784,Smartphone,1,1
C100785,T-shirt,1,1
C100786,Monitor,1,1
C100787,Camera,1,1
C100788,Keyboard,1,1
C100789,Watch,1,1
C100790,Mouse,1,1
C100791,Shoes,1,1
C100792,Mouse,1,1
C100793,Watch,1,1
C100794,Smartphone,1,1
C100795,Power Bank,1,1
C100796,Keyboard,1,1
C100797,Tablet,1,1
C100798,Jeans,1,1
C100799,Laptop,1,1
C100800,Backpack,1,1
C100801,Smartphone,1,1
C100802,T-shirt,1,1
C100803,Monitor,1,1
C100804,T-shirt,1,1
C100805,Laptop,1,1
C100806,Keyboard,1,1
C100807,T-shirt,1,1
C100808,Headphones,1,1
C100809,Laptop,1,1
C100810,Headphones,1,1
C100811,Keyboard,1,1
C100812,Watch,1,1
C100813,Laptop,1,1
C100814,Jeans,1,1
C100815,Keyboard,1,1
C100816,Power Bank,1,1
C100817,Power Bank,1,1
C100818,Power Bank,1,1
C100819,Shoes,1,1
C100820,Mouse,1,1
C100821,Jeans,1,1
C100822,Tablet,1,1
C100823,Camera,1,1
C100824,Shoes,1,1
C100825,Smartphone,1,1
C100826,Keyboard,1,1
C100827,Power Bank,1,1
C100828,Tablet,1,1
C100829,Headphones,1,1
C100830,Laptop,1,1
C100831,Laptop,1,1
C100832,Tablet,1,1
C100833,Power Bank,1,1
C100834,Shoes,1,1
C100835,Charger,1,1
C100836,T-shirt,1,1
C100837,Watch,1,1
C100838,Headphones,1,1
C100839,Monitor,1,1
C100840,Shoes,1,1
C100841,Monitor,1,1
C100842,Jeans,1,1
C100843,Tablet,1,1
C100844,Watch,1,1
C100845,Monitor,1,1
C100846,Power Bank,1,1
C100847,Keyboard,1,1
C100848,Jeans,1,1
C100849,Smartphone,1,1
C100850,T-shirt,1,1
C100851,Watch,1,1
C100852,T-shirt,1,1
C100853,Mouse,1,1
C100854,Mouse,1,1
C100855,Power Bank,1,1
C100856,Charger,1,1
C100857,T-shirt,1,1
C100858,T-shirt,1,1
C100859,Power Bank,1,1
C100860,Power Bank,1,1
C100861,T-shirt,1,1
C100862,Charger,1,1
C100863,T-shirt,1,1
C100864,Jeans,1,1
C100865,Camera,1,1
C100866,Laptop,1,1
C100867,Tablet,1,1
C100868,Shoes,1,1
C100869,Monitor,1,1
C100870,Power Bank,1,1
C100871,Charger,1,1
C100872,Shoes,1,1
C100873,Camera,1,1
C100874,Laptop,1,1
C100875,T-shirt,1,1
C100876,Backpack,1,1
C100877,T-shirt,1,1
C100878,Headphones,1,1
C100879,Smartphone,1,1
C100880,Keyboard,1,1
C100881,Tablet,1,1
C100882,Headphones,1,1
C100883,Power Bank,1,1
C100884,Shoes,1,1
C100885,Headphones,1,1
C100886,Jeans,1,1
C100887,Charger,1,1
C100888,Mouse,1,1
C100889,Headphones,1,1
C100890,Tablet,1,1
C100891,Backpack,1,1
C100892,Headphones,1,1
C100893,Laptop,1,1
C100894,Shoes,1,1
C100895,Charger,1,1
C100896,Charger,1,1
C100897,Shoes,1,1
C100898,Headphones,1,1
C100899,Headphones,1,1
C100900,Mouse,1,1
C100901,Backpack,1,1
C100902,Shoes,1,1
C100903,T-shirt,1,1
C100904,Monitor,1,1
C100905,Backpack,1,1
C100906,Backpack,1,1
C100907,Jeans,1,1
C100908,Tablet,1,1
C100909,T-shirt,1,1
C100910,Camera,1,1
C100911,Jeans,1,1
C100912,Charger,1,1
C100913,Power Bank,1,1
C100914,Laptop,1,1
C100915,Charger,1,1
C100916,Laptop,1,1
C100917,Keyboard,1,1
C100918,Tablet,1,1
C100919,Backpack,1,1
C100920,Keyboard,1,1
C100921,Charger,1,1
C100922,Monitor,1,1
C100923,Keyboard,1,1
C100924,Shoes,1,1
C100925,Smartphone,1,1
C100926,Shoes,1,1
C100927,Laptop,1,1
C100928,Power Bank,1,1
C100929,Laptop,1,1
C100930,Power Bank,1,1
C100931,Tablet,1,1
C100932,Mouse,1,1
C100933,Laptop,1,1
C100934,Laptop,1,1
C100935,Charger,1,1
C100936,Watch,1,1
C100937,Laptop,1,1
C100938,Camera,1,1
C100939,Charger,1,1
C100940,Smartphone,1,1
C100941,Power Bank,1,1
C100942,Monitor,1,1
C100943,Watch,1,1
C100944,Mouse,1,1
C100945,T-shirt,1,1
C100946,Shoes,1,1
C100947,Shoes,1,1
C100948,Backpack,1,1
C100949,Smartphone,1,1
C100950,Charger,1,1
C100951,Power Bank,1,1
C100952,Monitor,1,1
C100953,Headphones,1,1
C100954,Power Bank,1,1
C100955,Keyboard,1,1
C100956,Mouse,1,1
C100957,Watch,1,1
C100958,Charger,1,1
C100959,Headphones,1,1
C100960,T-shirt,1,1
C100961,Jeans,1,1
C100962,Shoes,1,1
C100963,Monitor,1,1
C100964,Power Bank,1,1
C100965,Backpack,1,1
C100966,Jeans,1,1
C100967,Jeans,1,1
C100968,Shoes,1,1
C100969,Headphones,1,1
C100970,Smartphone,1,1
C100971,Headphones,1,1
C100972,Shoes,1,1
C100973,Power Bank,1,1
C100974,Monitor,1,1
C100975,Headphones,1,1
C100976,Power Bank,1,1
C100977,Monitor,1,1
C100978,Jeans,1,1
C100979,Mouse,1,1
C100980,Laptop,1,1
C100981,Monitor,1,1
C100982,Laptop,1,1
C100983,Backpack,1,1
C100984,Smartphone,1,1
C100985,Smartphone,1,1
C100986,Laptop,1,1
C100987,Smartphone,1,1
C100988,Laptop,1,1
C100989,Keyboard,1,1
C100990,Camera,1,1
C100991,Tablet,1,1
C100992,Charger,1,1
C100993,Backpack,1,1
C100994,Watch,1,1
C100995,Smartphone,1,1
C100996,Laptop,1,1
C100997,Backpack,1,1
C100998,Charger,1,1
C100999,Mouse,1,1
C101000,Camera,1,1
C101001,Smartphone,1,1
C101002,Backpack,1,1
C101003,Charger,1,1
C101004,Monitor,1,1
C101005,Watch,1,1
C101006,Charger,1,1
C101007,Power Bank,1,1
C101008,Tablet,1,1
C101009,Watch,1,1
C101010,Power Bank,1,1
C101011,Power Bank,1,1
C101012,Watch,1,1
C101013,Jeans,1,1
C101014,Tablet,1,1
C101015,Backpack,1,1
C101016,Backpack,1,1
C101017,Power Bank,1,1
C101018,Keyboard,1,1
C101019,Monitor,1,1
C101020,Monitor,1,1
C101021,Headphones,1,1
C101022,Charger,1,1
C101023,Keyboard,1,1
C101024,Charger,1,1
C101025,Keyboard,1,1
C101026,Jeans,1,1
C101027,Charger,1,1
C101028,T-shirt,1,1
C101029,Power Bank,1,1
C101030,Watch,1,1
C101031,Laptop,1,1
C101032,Charger,1,1
C101033,Backpack,1,1
C101034,Tablet,1,1
C101035,Smartphone,1,1
C101036,Power Bank,1,1
C101037,Mouse,1,1
C101038,Power Bank,1,1
C101039,Keyboard,1,1
C101040,Mouse,1,1
C101041,Mouse,1,1
C101042,Mouse,1,1
C101043,Backpack,1,1
C101044,Backpack,1,1
C101045,Laptop,1,1
C101046,Charger,1,1
C101047,Smartphone,1,1
C101048,Tablet,1,1
C101049,Laptop,1,1
C101050,Tablet,1,1
C101051,Mouse,1,1
C101052,Backpack,1,1
C101053,Camera,1,1
C101054,Shoes,1,1
C101055,Shoes,1,1
C101056,Backpack,1,1
C101057,T-shirt,1,1
C101058,Smartphone,1,1
C101059,Power Bank,1,1
C101060,Keyboard,1,1
C101061,Jeans,1,1
C101062,Tablet,1,1
C101063,Backpack,1,1
C101064,Tablet,1,1
C101065,Keyboard,1,1
C101066,Smartphone,1,1
C101067,T-shirt,1,1
C101068,Jeans,1,1
C101069,Charger,1,1
C101070,Smartphone,1,1
C101071,Camera,1,1
C101072,Monitor,1,1
C101073,Mouse,1,1
C101074,T-shirt,1,1
C101075,Charger,1,1
C101076,Shoes,1,1
C101077,Watch,1,1
C101078,Keyboard,1,1
C101079,Tablet,1,1
C101080,Mouse,1,1
C101081,Power Bank,1,1
C101082,T-shirt,1,1
C101083,Monitor,1,1
C101084,T-shirt,1,1
C101085,Monitor,1,1
C101086,Headphones,1,1
C101087,Camera,1,1
C101088,Monitor,1,1
C101089,Headphones,1,1
C101090,Headphones,1,1
C101091,Headphones,1,1
C101092,Backpack,1,1
C101093,Backpack,1,1
C101094,Power Bank,1,1
C101095,Monitor,1,1
C101096,Laptop,1,1
C101097,Camera,1,1
C101098,Camera,1,1
C101099,Shoes,1,1
C101100,Mouse,1,1
C101101,Monitor,1,1
C101102,Power Bank,1,1
C101103,Jeans,1,1
C101104,Power Bank,1,1
C101105,T-shirt,1,1
C101106,Mouse,1,1
C101107,Tablet,1,1
C101108,Power Bank,1,1
C101109,Backpack,1,1
C101110,Watch,1,1
C101111,Backpack,1,1
C101112,Shoes,1,1
C101113,Monitor,1,1
C101114,Watch,1,1
C101115,Shoes,1,1
C101116,Monitor,1,1
C101117,Headphones,1,1
C101118,Jeans,1,1
C101119,Smartphone,1,1
C101120,Jeans,1,1
C101121,Shoes,1,1
C101122,Keyboard,1,1
C101123,Laptop,1,1
C101124,Charger,1,1
C101125,Keyboard,1,1
C101126,Jeans,1,1
C101127,Smartphone,1,1
C101128,Laptop,1,1
C101129,Keyboard,1,1
C101130,Monitor,1,1
C101131,Keyboard,1,1
C101132,Shoes,1,1
C101133,Monitor,1,1
C101134,Watch,1,1
C101135,Laptop,1,1
C101136,Smartphone,1,1
C101137,Laptop,1,1
C101138,Laptop,1,1
C101139,Smartphone,1,1
C101140,Mouse,1,1
C101141,Keyboard,1,1
C101142,Power Bank,1,1
C101143,Laptop,1,1
C101144,Charger,1,1
C101145,Smartphone,1,1
C101146,T-shirt,1,1
C101147,Backpack,1,1
C101148,Monitor,1,1
C101149,Smartphone,1,1
C101150,Watch,1,1
C101151,Tablet,1,1
C101152,Charger,1,1
C101153,Mouse,1,1
C101154,Jeans,1,1
C101155,Tablet,1,1
C101156,Jeans,1,1
C101157,T-shirt,1,1
C101158,Jeans,1,1
C101159,Backpack,1,1
C101160,Charger,1,1
C101161,Watch,1,1
C101162,Tablet,1,1
C101163,Mouse,1,1
C101164,Headphones,1,1
C101165,Smartphone,1,1
C101166,Shoes,1,1
C101167,Shoes,1,1
C101168,Shoes,1,1
C101169,Laptop,1,1
C101170,Mouse,1,1
C101171,Laptop,1,1
C101172,Camera,1,1
C101173,Watch,1,1
C101174,Camera,1,1
C101175,Headphones,1,1
C101176,Laptop,1,1
C101177,T-shirt,1,1
C101178,Tablet,1,1
C101179,Watch,1,1
C101180,Shoes,1,1
C101181,Charger,1,1
C101182,Jeans,1,1
C101183,Smartphone,1,1
C101184,Headphones,1,1
C101185,Power Bank,1,1
C101186,Mouse,1,1
C101187,Backpack,1,1
C101188,Smartphone,1,1
C101189,Jeans,1,1
C101190,Shoes,1,1
C101191,Charger,1,1
C101192,Backpack,1,1
C101193,Jeans,1,1
C101194,Mouse,1,1
C101195,Power Bank,1,1
C101196,Power Bank,1,1
C101197,Power Bank,1,1
C101198,Watch,1,1
C101199,Camera,1,1
C101200,Backpack,1,1
C101201,Keyboard,1,1
C101202,Watch,1,1
C101203,Keyboard,1,1
C101204,Smartphone,1,1
C101205,Camera,1,1
C101206,Backpack,1,1
C101207,Tablet,1,1
C101208,Shoes,1,1
C101209,Keyboard,1,1
C101210,Smartphone,1,1
C101211,Monitor,1,1
C101212,Watch,1,1
C101213,Charger,1,1
C101214,Power Bank,1,1
C101215,Tablet,1,1
C101216,Jeans,1,1
C101217,Watch,1,1
C101218,Monitor,1,1
C101219,Power Bank,1,1
C101220,Headphones,1,1
C101221,Jeans,1,1
C101222,Jeans,1,1
C101223,Monitor,1,1
C101224,Camera,1,1
C101225,T-shirt,1,1
C101226,Monitor,1,1
C101227,Laptop,1,1
C101228,Tablet,1,1
C101229,Jeans,1,1
C101230,T-shirt,1,1
C101231,Backpack,1,1
C101232,Laptop,1,1
C101233,Smartphone,1,1
C101234,Shoes,1,1
C101235,Charger,1,1
C101236,Headphones,1,1
C101237,Backpack,1,1
C101238,Headphones,1,1
C101239,Laptop,1,1
C101240,Backpack,1,1
C101241,Shoes,1,1
C101242,Tablet,1,1
C101243,Power Bank,1,1
C101244,Jeans,1,1
C101245,Tablet,1,1
C101246,Monitor,1,1
C101247,T-shirt,1,1
C101248,Smartphone,1,1
C101249,Mouse,1,1
C101250,Tablet,1,1
C101251,Mouse,1,1
C101252,Laptop,1,1
C101253,Shoes,1,1
C101254,Headphones,1,1
C101255,Mouse,1,1
C101256,Shoes,1,1
C101257,Smartphone,1,1
C101258,Backpack,1,1
C101259,Backpack,1,1
C101260,Mouse,1,1
C101261,Camera,1,1
C101262,Power Bank,1,1
C101263,Mouse,1,1
C101264,Tablet,1,1
C101265,Watch,1,1
C101266,Laptop,1,1
C101267,Mouse,1,1
C101268,Laptop,1,1
C101269,Mouse,1,1
C101270,Backpack,1,1
C101271,Mouse,1,1
C101272,Power Bank,1,1
C101273,Laptop,1,1
C101274,Power Bank,1,1
C101275,Camera,1,1
C101276,Backpack,1,1
C101277,Monitor,1,1
C101278,Charger,1,1
C101279,Laptop,1,1
C101280,Monitor,1,1
C101281,Tablet,1,1
C101282,Jeans,1,1
C101283,T-shirt,1,1
C101284,Watch,1,1
C101285,Jeans,1,1
C101286,Smartphone,1,1
C101287,T-shirt,1,1
C101288,Watch,1,1
C101289,Keyboard,1,1
C101290,Smartphone,1,1
C101291,Laptop,1,1
C101292,Jeans,1,1
C101293,Mouse,1,1
C101294,Shoes,1,1
C101295,Watch,1,1
C101296,Camera,1,1
C101297,Headphones,1,1
C101298,Jeans,1,1
C101299,Keyboard,1,1
C101300,Shoes,1,1
C101301,Keyboard,1,1
C101302,Charger,1,1
C101303,Charger,1,1
C101304,Tablet,1,1
C101305,Headphones,1,1
C101306,Watch,1,1
C101307,Headphones,1,1
C101308,Charger,1,1
C101309,Power Bank,1,1
C101310,Power Bank,1,1
C101311,Headphones,1,1
C101312,Charger,1,1
C101313,Laptop,1,1
C101314,Mouse,1,1
C101315,Shoes,1,1
C101316,Jeans,1,1
C101317,Charger,1,1
C101318,T-shirt,1,1
C101319,Monitor,1,1
C101320,Backpack,1,1
C101321,Watch,1,1
C101322,Mouse,1,1
C101323,Backpack,1,1
C101324,Headphones,1,1
C101325,Monitor,1,1
C101326,Watch,1,1
C101327,Charger,1,1
C101328,Charger,1,1
C101329,Charger,1,1
C101330,Charger,1,1
C101331,Jeans,1,1
C101332,Watch,1,1
C101333,Jeans,1,1
C101334,T-shirt,1,1
C101335,Watch,1,1
C101336,Watch,1,1
C101337,Mouse,1,1
C101338,Charger,1,1
C101339,Headphones,1,1
C101340,Watch,1,1
C101341,Tablet,1,1
C101342,Laptop,1,1
C101343,Jeans,1,1
C101344,Tablet,1,1
C101345,Headphones,1,1
C101346,Tablet,1,1
C101347,Watch,1,1
C101348,T-shirt,1,1
C101349,Tablet,1,1
C101350,Monitor,1,1
C101351,Mouse,1,1
C101352,Jeans,1,1
C101353,Charger,1,1
C101354,Backpack,1,1
C101355,Power Bank,1,1
C101356,Smartphone,1,1
C101357,Shoes,1,1
C101358,Smartphone,1,1
C101359,Watch,1,1
C101360,Monitor,1,1
C101361,Charger,1,1
C101362,Backpack,1,1
C101363,Shoes,1,1
C101364,Smartphone,1,1
C101365,Power Bank,1,1
C101366,Mouse,1,1
C101367,Laptop,1,1
C101368,Keyboard,1,1
C101369,Monitor,1,1
C101370,T-shirt,1,1
C101371,Keyboard,1,1
C101372,Camera,1,1
C101373,Headphones,1,1
C101374,Charger,1,1
C101375,Tablet,1,1
C101376,Keyboard,1,1
C101377,Backpack,1,1
C101378,Shoes,1,1
C101379,Power Bank,1,1
C101380,Smartphone,1,1
C101381,Laptop,1,1
C101382,Laptop,1,1
C101383,Shoes,1,1
C101384,Keyboard,1,1
C101385,Tablet,1,1
C101386,Watch,1,1
C101387,Monitor,1,1
C101388,Smartphone,1,1
C101389,Mouse,1,1
C101390,Shoes,1,1
C101391,Tablet,1,1
C101392,Power Bank,1,1
C101393,Monitor,1,1
C101394,Power Bank,1,1
C101395,Charger,1,1
C101396,Monitor,1,1
C101397,Jeans,1,1
C101398,Smartphone,1,1
C101399,T-shirt,1,1
C101400,Smartphone,1,1
C101401,Smartphone,1,1
C101402,Backpack,1,1
C101403,Smartphone,1,1
C101404,Tablet,1,1
C101405,Backpack,1,1
C101406,Headphones,1,1
C101407,Smartphone,1,1
C101408,T-shirt,1,1
C101409,Charger,1,1
C101410,Charger,1,1
C101411,Power Bank,1,1
C101412,Backpack,1,1
C101413,Camera,1,1
C101414,Camera,1,1
C101415,Shoes,1,1
C101416,Smartphone,1,1
C101417,Backpack,1,1
C101418,Laptop,1,1
C101419,Laptop,1,1
C101420,Shoes,1,1
C101421,Power Bank,1,1
C101422,Keyboard,1,1
C101423,Smartphone,1,1
C101424,T-shirt,1,1
C101425,Laptop,1,1
C101426,Shoes,1,1
C101427,Shoes,1,1
C101428,Smartphone,1,1
C101429,Backpack,1,1
C101430,Monitor,1,1
C101431,Shoes,1,1
C101432,Power Bank,1,1
C101433,Backpack,1,1
C101434,Camera,1,1
C101435,Smartphone,1,1
C101436,Monitor,1,1
C101437,Smartphone,1,1
C101438,Headphones,1,1
C101439,Watch,1,1
C101440,Laptop,1,1
C101441,Jeans,1,1
C101442,Monitor,1,1
C101443,Camera,1,1
C101444,Smartphone,1,1
C101445,Laptop,1,1
C101446,Charger,1,1
C101447,Laptop,1,1
C101448,Smartphone,1,1
C101449,Keyboard,1,1
C101450,Keyboard,1,1
C101451,Watch,1,1
C101452,Camera,1,1
C101453,Charger,1,1
C101454,Backpack,1,1
C101455,Shoes,1,1
C101456,Monitor,1,1
C101457,Jeans,1,1
C101458,Laptop,1,1
C101459,Camera,1,1
C101460,Mouse,1,1
C101461,Shoes,1,1
C101462,Power Bank,1,1
C101463,Power Bank,1,1
C101464,Headphones,1,1
C101465,Camera,1,1
C101466,Smartphone,1,1
C101467,Backpack,1,1
C101468,Keyboard,1,1
C101469,Camera,1,1
C101470,Headphones,1,1
C101471,Keyboard,1,1
C101472,Backpack,1,1
C101473,Watch,1,1
C101474,Charger,1,1
C101475,Mouse,1,1
C101476,T-shirt,1,1
C101477,Headphones,1,1
C101478,Keyboard,1,1
C101479,Tablet,1,1
C101480,Laptop,1,1
C101481,Mouse,1,1
C101482,Power Bank,1,1
C101483,Charger,1,1
C101484,Power Bank,1,1
C101485,Laptop,1,1
C101486,Watch,1,1
C101487,Tablet,1,1
C101488,Camera,1,1
C101489,Power Bank,1,1
C101490,T-shirt,1,1
C101491,Keyboard,1,1
C101492,Smartphone,1,1
C101493,Watch,1,1
C101494,Jeans,1,1
C101495,T-shirt,1,1
C101496,Smartphone,1,1
C101497,Smartphone,1,1
C101498,Headphones,1,1
C101499,Backpack,1,1
C101500,Charger,1,1
C101501,Charger,1,1
C101502,Monitor,1,1
C101503,Jeans,1,1
C101504,Monitor,1,1
C101505,Monitor,1,1
C101506,Charger,1,1
C101507,Tablet,1,1
C101508,Shoes,1,1
C101509,Mouse,1,1
C101510,Jeans,1,1
C101511,Backpack,1,1
C101512,Mouse,1,1
C101513,Camera,1,1
C101514,Headphones,1,1
C101515,Monitor,1,1
C101516,Laptop,1,1
C101517,Headphones,1,1
C101518,Keyboard,1,1
C101519,Mouse,1,1
C101520,Keyboard,1,1
C101521,Shoes,1,1
C101522,T-shirt,1,1
C101523,Power Bank,1,1
C101524,Charger,1,1
C101525,Charger,1,1
C101526,Keyboard,1,1
C101527,Tablet,1,1
C101528,Charger,1,1
C101529,Smartphone,1,1
C101530,Power Bank,1,1
C101531,Mouse,1,1
C101532,Keyboard,1,1
C101533,T-shirt,1,1
C101534,Backpack,1,1
C101535,Camera,1,1
C101536,Keyboard,1,1
C101537,Power Bank,1,1
C101538,Smartphone,1,1
C101539,Charger,1,1
C101540,Monitor,1,1
C101541,Watch,1,1
C101542,Tablet,1,1
C101543,Laptop,1,1
C101544,Jeans,1,1
C101545,Tablet,1,1
C101546,Smartphone,1,1
C101547,Tablet,1,1
C101548,Shoes,1,1
C101549,Mouse,1,1
C101550,Mouse,1,1
C101551,Charger,1,1
C101552,Charger,1,1
C101553,Headphones,1,1
C101554,Headphones,1,1
C101555,Power Bank,1,1
C101556,Laptop,1,1
C101557,Charger,1,1
C101558,Tablet,1,1
C101559,Jeans,1,1
C101560,T-shirt,1,1
C101561,Jeans,1,1
C101562,Power Bank,1,1
C101563,Mouse,1,1
C101564,Mouse,1,1
C101565,Jeans,1,1
C101566,Tablet,1,1
C101567,T-shirt,1,1
C101568,Tablet,1,1
C101569,Shoes,1,1
C101570,Backpack,1,1
C101571,Laptop,1,1
C101572,Backpack,1,1
C101573,Power Bank,1,1
C101574,Mouse,1,1
C101575,Backpack,1,1
C101576,Watch,1,1
C101577,Backpack,1,1
C101578,Mouse,1,1
C101579,Power Bank,1,1
C101580,Watch,1,1
C101581,Backpack,1,1
C101582,T-shirt,1,1
C101583,Mouse,1,1
C101584,Headphones,1,1
C101585,Watch,1,1
C101586,Monitor,1,1
C101587,Tablet,1,1
C101588,Smartphone,1,1
C101589,T-shirt,1,1
C101590,T-shirt,1,1
C101591,Tablet,1,1
C101592,Laptop,1,1
C101593,Camera,1,1
C101594,Shoes,1,1
C101595,Laptop,1,1
C101596,Keyboard,1,1
C101597,Tablet,1,1
C101598,Charger,1,1
C101599,Monitor,1,1
C101600,Laptop,1,1
C101601,Jeans,1,1
C101602,T-shirt,1,1
C101603,Power Bank,1,1
C101604,Backpack,1,1
C101605,Mouse,1,1
C101606,Mouse,1,1
C101607,Watch,1,1
C101608,Camera,1,1
C101609,Monitor,1,1
C101610,Tablet,1,1
C101611,Laptop,1,1
C101612,Monitor,1,1
C101613,Watch,1,1
C101614,Monitor,1,1
C101615,Power Bank,1,1
C101616,Jeans,1,1
C101617,Watch,1,1
C101618,Shoes,1,1
C101619,Mouse,1,1
C101620,T-shirt,1,1
C101621,Headphones,1,1
C101622,Keyboard,1,1
C101623,Camera,1,1
C101624,T-shirt,1,1
C101625,Smartphone,1,1
C101626,Headphones,1,1
C101627,Watch,1,1
C101628,Tablet,1,1
C101629,Shoes,1,1
C101630,Tablet,1,1
C101631,Charger,1,1
C101632,Backpack,1,1
C101633,Keyboard,1,1
C101634,Jeans,1,1
C101635,Mouse,1,1
C101636,Watch,1,1
C101637,Smartphone,1,1
C101638,Keyboard,1,1
C101639,Headphones,1,1
C101640,Headphones,1,1
C101641,Jeans,1,1
C101642,Smartphone,1,1
C101643,Charger,1,1
C101644,Headphones,1,1
C101645,Shoes,1,1
C101646,Power Bank,1,1
C101647,Smartphone,1,1
C101648,Monitor,1,1
C101649,Shoes,1,1
C101650,T-shirt,1,1
C101651,Monitor,1,1
C101652,Keyboard,1,1
C101653,Monitor,1,1
C101654,Power Bank,1,1
C101655,Camera,1,1
C101656,Monitor,1,1
C101657,Monitor,1,1
C101658,Smartphone,1,1
C101659,Watch,1,1
C101660,Camera,1,1
C101661,Mouse,1,1
C101662,Shoes,1,1
C101663,Backpack,1,1
C101664,Headphones,1,1
C101665,Camera,1,1
C101666,T-shirt,1,1
C101667,Backpack,1,1
C101668,Jeans,1,1
C101669,Laptop,1,1
C101670,Backpack,1,1
C101671,Tablet,1,1
C101672,Backpack,1,1
C101673,Charger,1,1
C101674,Monitor,1,1
C101675,Backpack,1,1
C101676,Tablet,1,1
C101677,Shoes,1,1
C101678,Keyboard,1,1
C101679,Shoes,1,1
C101680,Keyboard,1,1
C101681,Jeans,1,1
C101682,Power Bank,1,1
C101683,Monitor,1,1
C101684,Charger,1,1
C101685,Camera,1,1
C101686,Backpack,1,1
C101687,Jeans,1,1
C101688,Smartphone,1,1
C101689,Monitor,1,1
C101690,Headphones,1,1
C101691,Monitor,1,1
C101692,Shoes,1,1
C101693,Backpack,1,1
C101694,Shoes,1,1
C101695,Charger,1,1
C101696,Backpack,1,1
C101697,Smartphone,1,1
C101698,Jeans,1,1
C101699,Keyboard,1,1
C101700,Watch,1,1
C101701,Tablet,1,1
C101702,Headphones,1,1
C101703,Tablet,1,1
C101704,Headphones,1,1
C101705,Jeans,1,1
C101706,Laptop,1,1
C101707,Backpack,1,1
C101708,Keyboard,1,1
C101709,T-shirt,1,1
C101710,Tablet,1,1
C101711,Headphones,1,1
C101712,Jeans,1,1
C101713,Headphones,1,1
C101714,Shoes,1,1
C101715,Mouse,1,1
C101716,Laptop,1,1
C101717,Camera,1,1
C101718,Tablet,1,1
C101719,Jeans,1,1
C101720,Power Bank,1,1
C101721,Monitor,1,1
C101722,Laptop,1,1
C101723,Backpack,1,1
C101724,Smartphone,1,1
C101725,Tablet,1,1
C101726,Laptop,1,1
C101727,T-shirt,1,1
C101728,Mouse,1,1
C101729,Laptop,1,1
C101730,Keyboard,1,1
C101731,Keyboard,1,1
C101732,Backpack,1,1
C101733,Camera,1,1
C101734,Power Bank,1,1
C101735,Smartphone,1,1
C101736,Laptop,1,1
C101737,Backpack,1,1
C101738,Smartphone,1,1
C101739,Jeans,1,1
C101740,Tablet,1,1
C101741,Charger,1,1
C101742,Camera,1,1
C101743,Backpack,1,1
C101744,Monitor,1,1
C101745,Watch,1,1
C101746,Headphones,1,1
C101747,Backpack,1,1
C101748,Tablet,1,1
C101749,Power Bank,1,1
C101750,Mouse,1,1
C101751,Smartphone,1,1
C101752,Power Bank,1,1
C101753,Tablet,1,1
C101754,Tablet,1,1
C101755,Monitor,1,1
C101756,Watch,1,1
C101757,Tablet,1,1
C101758,T-shirt,1,1
C101759,Backpack,1,1
C101760,Monitor,1,1
C101761,Keyboard,1,1
C101762,Tablet,1,1
C101763,Laptop,1,1
C101764,Backpack,1,1
C101765,Shoes,1,1
C101766,Keyboard,1,1
C101767,Smartphone,1,1
C101768,Smartphone,1,1
C101769,Keyboard,1,1
C101770,Monitor,1,1
C101771,Shoes,1,1
C101772,Smartphone,1,1
C101773,Tablet,1,1
C101774,Tablet,1,1
C101775,T-shirt,1,1
C101776,Shoes,1,1
C101777,Tablet,1,1
C101778,Headphones,1,1
C101779,Headphones,1,1
C101780,Headphones,1,1
C101781,Backpack,1,1
C101782,Keyboard,1,1
C101783,Laptop,1,1
C101784,Keyboard,1,1
C101785,Mouse,1,1
C101786,Backpack,1,1
C101787,Mouse,1,1
C101788,Tablet,1,1
C101789,Smartphone,1,1
C101790,T-shirt,1,1
C101791,Tablet,1,1
C101792,Watch,1,1
C101793,Monitor,1,1
C101794,Backpack,1,1
C101795,Power Bank,1,1
C101796,Headphones,1,1
C101797,Keyboard,1,1
C101798,Charger,1,1
C101799,Jeans,1,1
C101800,Smartphone,1,1
C101801,Power Bank,1,1
C101802,Laptop,1,1
C101803,T-shirt,1,1
C101804,Backpack,1,1
C101805,Headphones,1,1
C101806,Jeans,1,1
C101807,Watch,1,1
C101808,Camera,1,1
C101809,Headphones,1,1
C101810,Headphones,1,1
C101811,Monitor,1,1
C101812,Mouse,1,1
C101813,Shoes,1,1
C101814,Power Bank,1,1
C101815,Jeans,1,1
C101816,Backpack,1,1
C101817,Watch,1,1
C101818,Charger,1,1
C101819,Charger,1,1
C101820,T-shirt,1,1
C101821,Keyboard,1,1
C101822,Backpack,1,1
C101823,Power Bank,1,1
C101824,Laptop,1,1
C101825,Camera,1,1
C101826,Tablet,1,1
C101827,Laptop,1,1
C101828,Jeans,1,1
C101829,Mouse,1,1
C101830,Watch,1,1
C101831,T-shirt,1,1
C101832,Watch,1,1
C101833,Camera,1,1
C101834,Monitor,1,1
C101835,T-shirt,1,1
C101836,Jeans,1,1
C101837,Headphones,1,1
C101838,Watch,1,1
C101839,Watch,1,1
C101840,Power Bank,1,1
C101841,Jeans,1,1
C101842,Laptop,1,1
C101843,Laptop,1,1
C101844,Smartphone,1,1
C101845,Laptop,1,1
C101846,Smartphone,1,1
C101847,Charger,1,1
C101848,Tablet,1,1
C101849,Charger,1,1
C101850,Charger,1,1
C101851,Power Bank,1,1
C101852,Camera,1,1
C101853,Keyboard,1,1
C101854,Mouse,1,1
C101855,Headphones,1,1
C101856,Tablet,1,1
C101857,Tablet,1,1
C101858,Jeans,1,1
C101859,T-shirt,1,1
C101860,Jeans,1,1
C101861,Power Bank,1,1
C101862,Monitor,1,1
C101863,Mouse,1,1
C101864,Power Bank,1,1
C101865,Jeans,1,1
C101866,Smartphone,1,1
C101867,Jeans,1,1
C101868,Headphones,1,1
C101869,Backpack,1,1
C101870,Mouse,1,1
C101871,Mouse,1,1
C101872,Camera,1,1
C101873,Power Bank,1,1
C101874,Watch,1,1
C101875,Power Bank,1,1
C101876,Camera,1,1
C101877,Monitor,1,1
C101878,Power Bank,1,1
C101879,Shoes,1,1
C101880,T-shirt,1,1
C101881,Charger,1,1
C101882,Monitor,1,1
C101883,Headphones,1,1
C101884,Watch,1,1
C101885,Charger,1,1
C101886,Smartphone,1,1
C101887,Smartphone,1,1
C101888,Laptop,1,1
C101889,Power Bank,1,1
C101890,Mouse,1,1
C101891,Mouse,1,1
C101892,Shoes,1,1
C101893,Shoes,1,1
C101894,Tablet,1,1
C101895,Mouse,1,1
C101896,Jeans,1,1
C101897,Monitor,1,1
C101898,Camera,1,1
C101899,Jeans,1,1
C101900,Camera,1,1
C101901,Backpack,1,1
C101902,Jeans,1,1
C101903,Monitor,1,1
C101904,Headphones,1,1
C101905,Jeans,1,1
C101906,Power Bank,1,1
C101907,Mouse,1,1
C101908,Shoes,1,1
C101909,Charger,1,1
C101910,Jeans,1,1
C101911,Power Bank,1,1
C101912,Backpack,1,1
C101913,Backpack,1,1
C101914,Power Bank,1,1
C101915,Shoes,1,1
C101916,Mouse,1,1
C101917,Power Bank,1,1
C101918,Shoes,1,1
C101919,Mouse,1,1
C101920,Smartphone,1,1
C101921,Laptop,1,1
C101922,Keyboard,1,1
C101923,Camera,1,1
C101924,Tablet,1,1
C101925,Keyboard,1,1
C101926,Jeans,1,1
C101927,Shoes,1,1
C101928,Watch,1,1
C101929,Tablet,1,1
C101930,Shoes,1,1
C101931,Camera,1,1
C101932,Smartphone,1,1
C101933,Shoes,1,1
C101934,Charger,1,1
C101935,Tablet,1,1
C101936,Tablet,1,1
C101937,Charger,1,1
C101938,T-shirt,1,1
C101939,Keyboard,1,1
C101940,Charger,1,1
C101941,Keyboard,1,1
C101942,Laptop,1,1
C101943,Camera,1,1
C101944,Shoes,1,1
C101945,Laptop,1,1
C101946,Jeans,1,1
C101947,Power Bank,1,1
C101948,Jeans,1,1
C101949,T-shirt,1,1
C101950,Mouse,1,1
C101951,Keyboard,1,1
C101952,Keyboard,1,1
C101953,Backpack,1,1
C101954,Headphones,1,1
C101955,Watch,1,1
C101956,Keyboard,1,1
C101957,T-shirt,1,1
C101958,Headphones,1,1
C101959,Camera,1,1
C101960,Smartphone,1,1
C101961,Tablet,1,1
C101962,Monitor,1,1
C101963,Keyboard,1,1
C101964,Camera,1,1
C101965,Monitor,1,1
C101966,Tablet,1,1
C101967,T-shirt,1,1
C101968,Camera,1,1
C101969,Jeans,1,1
C101970,Smartphone,1,1
C101971,Backpack,1,1
C101972,Charger,1,1
C101973,Mouse,1,1
C101974,Keyboard,1,1
C101975,Headphones,1,1
C101976,Shoes,1,1
C101977,Mouse,1,1
C101978,Camera,1,1
C101979,Power Bank,1,1
C101980,Camera,1,1
C101981,Charger,1,1
C101982,Headphones,1,1
C101983,Backpack,1,1
C101984,T-shirt,1,1
C101985,Monitor,1,1
C101986,Keyboard,1,1
C101987,Power Bank,1,1
C101988,Tablet,1,1
C101989,Backpack,1,1
C101990,Tablet,1,1
C101991,Mouse,1,1
C101992,Keyboard,1,1
C101993,Keyboard,1,1
C101994,Camera,1,1
C101995,Smartphone,1,1
C101996,Tablet,1,1
C101997,Camera,1,1
C101998,Keyboard,1,1
C101999,T-shirt,1,1
